citation_type,court_code,CountryId,CourtId,CourtName,country,country1_spa,country2_spa,country3_spa_official,country_adj_spa,country_adj_spa2,court_eng1,court_eng2,court_loc1,court_loc2,court_spa1,court_spa2
1,1,1,1,Supreme Court,Afghanistan,Afganistán,,República Islámica de Afganistán,afgana,,Supreme Court ,,Stera Mahkama,,Corte Suprema de Justicia,Suprema Corte de Justicia
1,9,1,2,Other or unspecified court,Afghanistan,Afganistán,,República Islámica de Afganistán,afgana,,Other or unspecified court,,,,,
1,1,2,3,Constitutional Court,Albania,Albania,,República de Albania,albanesa,,Constitutional Court,,Gjykata e Lartë,,Tribunal Constitucional,
1,9,2,4,Other or unspecified court,Albania,Albania,,República de Albania,albanesa,,Other or unspecified court,,,,Tribunal Supremo,
1,1,3,5,Supreme court,Algeria,Argelia,,República Democrática Popular de Argelia,argelina,,Supreme court,,Cour Suprême,,Corte Suprema,
1,9,3,6,Other or unspecified court,Algeria,Argelia,,República Democrática Popular de Argelia,argelina,,Other or unspecified court,,,,,
1,1,4,7,High Court,American Samoa,Samoa Americana,,Territorio de la Samoa Americana,samoana,,High Court,,,,Alta Corte,
1,9,4,8,Other or unspecified court,American Samoa,Samoa Americana,,Territorio de la Samoa Americana,samoana,,Other or unspecified court,,,,,
1,3,5,9,Supreme Court of Justice of Andorra,Andorra,Andorra,,Principado de Andorra,andorrana,,Supreme Court of Justice of Andorra ,,Tribunal Superior de Justicia d'Andorra,,Suprema Corte de Justicia de Andorra,
1,9,5,10,Other or unspecified court,Andorra,Andorra,,Principado de Andorra,andorrana,,Other or unspecified court,,,,,
1,1,6,11,Constitutional Court,Angola,Angola,,República de Angola,angoleña,angolana,Constitutional Court,,Tribunal Constitucional,,Corte Constitucional,Tribunal Constitucional
1,2,6,12,Supreme Court,Angola,Angola,,República de Angola,angoleña,angolana,Supreme Court ,,Tribunal Supremo,,Tribunal Supremo ,Suprema Corte
1,9,6,13,Other court,Angola,Angola,,República de Angola,angoleña,angolana,Other or unspecified court,,,,,
1,1,7,14,Supreme Court,Antigua and Barbuda,Antigua y Barbuda,,Antigua y Barbuda,antiguana,,Supreme Court,,,,Corte Suprema de Justicia,Suprema Corte de Justicia
1,2,7,15,High Court,Antigua and Barbuda,Antigua y Barbuda,,Antigua y Barbuda,antiguana,,High Court,,,,Corte Supreior,
1,3,7,16,Appeals Court,Antigua and Barbuda,Antigua y Barbuda,,Antigua y Barbuda,antiguana,,Appeals Court,,,,Corte de Apelaciones,Corte de Apelación
1,9,7,18,Other court,Antigua and Barbuda,Antigua y Barbuda,,Antigua y Barbuda,antiguana,,Other or unspecified court,,,,,
1,1,8,19,Supreme Court of Justice,Argentina,Argentina,,República Argentina,argentina,,Supreme Court of Justice,,Corte Suprema de Justicia,,Corte Suprema de Justicia de la Nación,
1,9,8,20,Other or unspecified court,Argentina,Argentina,,República Argentina,argentina,,Other or unspecified court,,,,,
1,1,9,21,Constitutional Court,Armenia,Armenia,,República de Armenia,armenia,,Constitutional Court,,,,Tribunal Constitucional,Corte Constitucional
1,2,9,22,Appeals Court (Court of Cassation),Armenia,Armenia,,República de Armenia,armenia,,Appeals Court ,Court of Cassation,,,Tribunal de Casación,Corte de Casación
1,9,9,23,Other court,Armenia,Armenia,,República de Armenia,armenia,,Other or unspecified court,,,,,
1,1,10,24,Joint High Court of Justice,Aruba,Aruba,,Aruba,arubense,,Joint High Court of Justice,,,,Tribunal Conjunto de Apelaciones de las Antillas Neerlandesas y Aruba,
1,2,10,25,Common Court of Justice,Aruba,Aruba,,Aruba,arubense,,Common Court of Justice,,,,Tribunlal Común de Justicia,Corte de Justicia Común
1,9,10,27,Other court,Aruba,Aruba,,Aruba,arubense,,Other or unspecified court,,,,,
1,1,11,28,High Court of Australia,Australia,Australia,,Mancomunidad de Australia,australiana,,High Court of Australia,,,,Corte Suprema,
1,9,11,29,Other or unspecified court,Australia,Australia,,Mancomunidad de Australia,australiana,,Other or unspecified court,,,,,
1,1,12,30,Constitutional Court,Austria,Austria,,República de Austria,austríaca,,Constitutional Court ,,Verfassungsgerichtshof,,Tribunal Constitucional,
1,2,12,31,Supreme Judicial Court,Austria,Austria,,República de Austria,austríaca,,Supreme Judicial Court  ,,Oberster Gerichtshof,,Tribunal Supremo,
1,9,12,32,Other and unspecified court,Austria,Austria,,República de Austria,austríaca,,Other or unspecified court,,,,,
1,1,13,33,Constitutional Court,Azerbaijan,Azerbaiyán,,República de Azebaiyán,azerbaiyana,,Constitutional Court,,,,Tribunal Constitucional,
1,2,13,34,Supreme Court,Azerbaijan,Azerbaiyán,,República de Azebaiyán,azerbaiyana,,Supreme Court,,Ali M?hk?m?sinin,,Tribunal Supremo,
1,9,13,35,Other court,Azerbaijan,Azerbaiyán,,República de Azebaiyán,azerbaiyana,,Other or unspecified court,,,,,
1,1,14,36,Privy Council in London,Bahamas,Bahamas,,Mancomunidad delas  Bahamas,bahameña,,Privy Council in London,,,,Comité Judicial del Consejo Privado,
1,2,14,37,Appeals Court (Court of Cassation),Bahamas,Bahamas,,Mancomunidad delas  Bahamas,bahameña,,Appeals Court ,Court of Cassation,,,Corte de Apelaciones,
1,9,14,41,Other court,Bahamas,Bahamas,,Mancomunidad delas  Bahamas,bahameña,,Other or unspecified court,,,,,
1,1,15,42,Supreme Court of Appeal  (Court of Cassation),Bahrain,Bahréin,Baréin,Reino de Baréin,bahreiní,,Supreme Court of Appeal  ,Court of Cassation,,,Corte Suprema de Apelaciones,Tribunal Supremo de Apelaciones
1,9,15,43,Other court,Bahrain,Bahréin,Baréin,Reino de Baréin,bahreiní,,Other or unspecified court,,,,,
1,1,16,44,Supreme Court,Bangladesh,Bangladesh,Bangladés,República Popular de Bangladés,bangladesí,,Supreme Court,,,,Tribunal Supremo,Corte Suprema
1,9,16,45,Other court,Bangladesh,Bangladesh,Bangladés,República Popular de Bangladés,bangladesí,,Other or unspecified court,,,,,
1,1,17,46,Supreme Court,Barbados,Barbados,,Barbados,barbadense,,Supreme Court,,,,Tribunal Supremo,
1,2,17,47,High Court,Barbados,Barbados,,Barbados,barbadense,,High Court,,,,Tribunal Alto,
1,3,17,48,Court of Appeal,Barbados,Barbados,,Barbados,barbadense,,Court of Appeal,,,,Corte de Apelaciones,
1,9,17,50,Other court,Barbados,Barbados,,Barbados,barbadense,,Other or unspecified court,,,,,
1,1,18,51,Supreme Court,Belarus,Bielorrusia,,República de Bielorrusia,bielorrusa,,Supreme Court,,,,Tribunal Supremo,
1,2,18,52,Constitutional Court,Belarus,Bielorrusia,,República de Bielorrusia,bielorrusa,,Constitutional Court,,,,Tribunal Constitucional,
1,9,18,53,Other court,Belarus,Bielorrusia,,República de Bielorrusia,bielorrusa,,Other or unspecified court,,,,,
1,1,19,54,Constitutional Court,Belgium,Bélgica,,Reino de Bélgica,belga,,Constitutional Court ,,Cour d'Arbitrage,Arbitragehof,Tribunal constitucional,Tribunal de arbitraje
1,2,19,55,Supreme Court of Justice,Belgium,Bélgica,,Reino de Bélgica,belga,,Supreme Court of Justice ,,Cour de Cassation  ,Hof van Cassatie ,Tribunal de Casación,
1,9,19,56,Other court,Belgium,Bélgica,,Reino de Bélgica,belga,,Other or unspecified court,,,,,
1,1,20,57,Supreme Court,Belize,Belice,,Belice,beliceña,,Supreme Court,,,,Tribunal supremo,
1,2,20,58,Appeals Court,Belize,Belice,,Belice,beliceña,,Appeals Court,,,,Tribunal de apelaciones,
1,9,20,59,Other court,Belize,Belice,,Belice,beliceña,,Other or unspecified court,,,,,
1,1,21,60,High Court of Justice,Benin,Benín,,República de Benin,beninesa,,Constitutional Court ,,Cour Constitutionnelle,,Tribunal Constitucional,Corte Constitucional
1,2,21,61,Supreme Court,Benin,Benín,,República de Benin,beninesa,,Supreme Court  ,,Cour Suprême,,Tribunal Supremo,Corte Suprema
1,3,21,62,Constitutional Court,Benin,Benín,,República de Benin,beninesa,,High Court of Justice,,Haute Cour de Justice,,Alto Tribunal de Justicia,
1,9,21,63,Other court,Benin,Benín,,República de Benin,beninesa,,Other or unspecified court,,,,,
1,1,22,64,Supreme Court,Bermuda,Bermudas,,Bermudas,bermudeña,,Supreme Court,,,,Corte Suprema,
1,2,22,65,Court of Appeal,Bermuda,Bermudas,,Bermudas,bermudeña,,Court of Appeal,,,,Corte de Apelaciones,
1,9,22,66,Other court,Bermuda,Bermudas,,Bermudas,bermudeña,,Other or unspecified court,,,,,
1,1,23,67,Supreme Court,Bhutan,Bután,,Reino de Bután,butanesa,,Supreme Court ,,,,Tribunal Supremo,
1,2,23,68,High Court,Bhutan,Bután,,Reino de Bután,butanesa,,High Court,,,,Tribunal Superior de Justicia,Tribunal de Apelaciones
1,9,23,69,Other court,Bhutan,Bután,,Reino de Bután,butanesa,,Other or unspecified court,,,,,
1,1,24,70,Plurinational Constitutional Tribunal,Bolivia,Bolivia,,Estado Plurinacional de Bolivia,boliviana,,Plurinational Constitutional Tribunal,,Tribunal Constitucional Nacional,,Tribunal Constitucional Plurinacional,
1,2,24,71,Supreme Court,Bolivia,Bolivia,,Estado Plurinacional de Bolivia,boliviana,,Supreme Court ,,Tribunal Supremo de Justicia,,Tribunal Supremo de Justicia,
1,9,24,72,Other court,Bolivia,Bolivia,,Estado Plurinacional de Bolivia,boliviana,,Other or unspecified court,,,,,
1,1,25,73,Constitutional Court,Bosnia and Herzegovina,Bosnia-Herzegovina,Bosnia y Herzegovina,Bosnia y Herzegovina,bosnia,,Constitutional Court,,Ustavni Sud Bosne I Hercegovine,,Tribunal Constitucional ,
1,2,25,74,Supreme Court,Bosnia and Herzegovina,Bosnia-Herzegovina,Bosnia y Herzegovina,Bosnia y Herzegovina,bosnia,,Supreme Court,,Sud Bosne I Hercegovine,,Tribunal Supremo de Justicia,
1,9,25,75,Other court,Bosnia and Herzegovina,Bosnia-Herzegovina,Bosnia y Herzegovina,Bosnia y Herzegovina,bosnia,,Other or unspecified court,,,,,
1,1,26,76,High Court,Botswana,Botswana,Botsuana,República de Botsuana,botsuanesa,,High Court,,,,Tribunal Superior,Alta Corte
1,2,26,77,Appeals Court,Botswana,Botswana,Botsuana,República de Botsuana,botsuanesa,,Appeals Court,,,,Corte de Apelaciones,
1,9,26,78,Other court,Botswana,Botswana,Botsuana,República de Botsuana,botsuanesa,,Other or unspecified court,,,,,
1,1,27,79,Supreme Federal Court,Brazil,Brasil,,República Federativa del Brasil,brasileña,brasilera,Supreme Federal Court ,,Supremo Tribunal Federal,,Tribunal Supremo Federal,
1,2,27,80,Higher Court of Justice,Brazil,Brasil,,República Federativa del Brasil,brasileña,brasilera,Higher Court of Justice,,Tribunal de Justiça,,Tribunal de Justicia,
1,9,27,81,Other court,Brazil,Brasil,,República Federativa del Brasil,brasileña,brasilera,Other or unspecified court,,,,,
1,1,28,82,Supreme Court,Brunei Darussalam,Brunei Darussalam,"Estado de Brunei, Morada de la Paz",Estado de Brunei Darussalam,bruneana,,Supreme Court,,,,Suprema Corte,
1,2,28,83,Judicial Committee of Privy Council in London,Brunei Darussalam,Brunei Darussalam,"Estado de Brunei, Morada de la Paz",Estado de Brunei Darussalam,bruneana,,Judicial Committee of Privy Council  ,,,,Comité Judicial del Consejo Privado,
1,9,28,85,Other court,Brunei Darussalam,Brunei Darussalam,"Estado de Brunei, Morada de la Paz",Estado de Brunei Darussalam,bruneana,,Other or unspecified court,,,,,
1,1,29,86,Supreme Court of Cassation,Bulgaria,Bulgaria,,República de Bulgaria,búlgara,,Supreme Court of Cassation,, ,,Tribunal Supremo de Casación,
1,9,29,87,Other court,Bulgaria,Bulgaria,,República de Bulgaria,búlgara,,Other or unspecified court,,,,,
1,1,30,88,Constitutional Council,Burkina Faso,Burkina Faso,,Burkina Faso,burkinesa,,Constitutional Council,,Conseil d'Etat,,Tribunal Constitucional,Consejo Constitucional
1,2,30,89,Supreme Court of Appeals,Burkina Faso,Burkina Faso,,Burkina Faso,burkinesa,,Supreme Court of Appeals,,Cour de Cassation,,Corte Suprema de Apelaciones,
1,9,30,90,Other court,Burkina Faso,Burkina Faso,,Burkina Faso,burkinesa,,Other or unspecified court,,,,,
1,1,31,91,Constitutional Court,Burundi,Burundi,,República de Burundi,burundesa,,Constitutional Court,,Cour constitutionnelle,,Corte Constitucional,Tribunal Constitucional
1,2,31,92,Supreme Court,Burundi,Burundi,,República de Burundi,burundesa,,Supreme Court,,Cour Suprême,,Corte Suprema,Tribunal Supremo
1,3,31,93,High Court of Justice,Burundi,Burundi,,República de Burundi,burundesa,,High Court of Justice,,Haute Cour de justice,,Alto Tribunal de Justicia,Alta Corte
1,9,31,94,Other court,Burundi,Burundi,,República de Burundi,burundesa,,Other or unspecified court,,,,,
1,1,32,95,Supreme Council of the Magistracy,Cambodia,Camboya,,República del Reino de Camboya,camboyana,,Supreme Council of the Magistracy,,,,Consejo Nacional Supremo,
1,2,32,96,Supreme Court,Cambodia,Camboya,,República del Reino de Camboya,camboyana,,Supreme Court,,,,Corte Suprema,
1,9,32,97,Other court,Cambodia,Camboya,,República del Reino de Camboya,camboyana,,Other or unspecified court,,,,,
1,1,33,98,Supreme Court,Cameroon,Camerún,,República de Camerún,camerunesa,,Supreme Court,,Cour Suprême,,Tribunal Supremo,
1,2,33,99,High Court of Justice,Cameroon,Camerún,,República de Camerún,camerunesa,,High Court of Justice,,Haute Cour de justice,,Alto Tribunal de Justicia,
1,9,33,100,Other court,Cameroon,Camerún,,República de Camerún,camerunesa,,Other or unspecified court,,,,,
1,1,34,101,Supreme Court of Canada,Canada,Canadá,,Canadá,canadiense,,Supreme Court of Canada,,,,Tribunal Supremo de Canadá,
1,2,34,102,Federal Court of Canada,Canada,Canadá,,Canadá,canadiense,,Federal Court of Canada,,,,Corte Federal de Canadá,
1,9,34,103,Other court,Canada,Canadá,,Canadá,canadiense,,Other or unspecified court,,,,,
1,1,35,104,Supreme Tribunal of Justice,Cape Verde,Cabo Verde,,República de Cabo Verde,caboverdiana,,Supreme Tribunal of Justice,,,,Tribunal Superior de Justicia,
1,2,35,105,Court of Audit,Cape Verde,Cabo Verde,,República de Cabo Verde,caboverdiana,,Court of Audit,,,,Corte de Auditoría,
1,9,35,106,Other court,Cape Verde,Cabo Verde,,República de Cabo Verde,caboverdiana,,Other or unspecified court,,,,,
1,1,36,107,Grand Court,Cayman Islands,Islas Caimán,,Islas Caimán,caimanesa,,Grand Court,,,,Corte Suprema,
1,2,36,108,Cayman Islands Court of Appeal,Cayman Islands,Islas Caimán,,Islas Caimán,caimanesa,,Cayman Islands Court of Appeal,,,,Corte de Apelaciones,
1,9,36,110,Other court,Cayman Islands,Islas Caimán,,Islas Caimán,caimanesa,,Other or unspecified court,,,,,
1,1,37,111,Constitutional Court,Central African Republic,República Centroafricana,,República Centroafricana,centroafricana,,Constitutional Court,,,,Corte Constitucional,Tribunal Constitucional
1,2,37,112,Supreme Court,Central African Republic,República Centroafricana,,República Centroafricana,centroafricana,,Supreme Court,,,,Corte Suprema,Tribunal Supremo
1,3,37,113,Court of Appeal,Central African Republic,República Centroafricana,,República Centroafricana,centroafricana,,Court of Appeal,,,,Corte de Apelaciones,Tribunal de Apelaciones
1,9,37,114,Other court,Central African Republic,República Centroafricana,,República Centroafricana,centroafricana,,Other or unspecified court,,,,,
1,1,38,115,Constitutional Council,Chad,Chad,,República del Chad,chadiana,,Constitutional Council,,Conseil Constitutionnel,,Consejo Constitucional,
1,2,38,116,Supreme Court,Chad,Chad,,República del Chad,chadiana,,Supreme Court,,Cour Suprême,,Tribunal Supremo,Corte Suprema
1,3,38,117,High Court of Justice,Chad,Chad,,República del Chad,chadiana,,High Court of Justice,,Haute Cour de justice,,Alto Tribunal de Justicia,Alta Corte
1,9,38,118,Other court,Chad,Chad,,República del Chad,chadiana,,Other or unspecified court,,,,,
1,1,39,119,Constitutional Tribunal,Chile,Chile,,República de Chile,chilena,,Constitutional Tribunal,,Tribunal constitucional,,Tribunal constitucional,
1,2,39,120,Supreme Court,Chile,Chile,,República de Chile,chilena,,Supreme Court,,Corte Suprema de Justicia,,Corte Suprema de Justicia,
1,9,39,121,Other court,Chile,Chile,,República de Chile,chilena,,Other or unspecified court,,,,,
1,1,40,122,Supreme People's Court,China,China,,República Popular de China,china,,Supreme People's Court,,Zuigao Renmin Fayuan,,Tribunal Popular Supremo,
1,2,40,123,High People's Courts,China,China,,República Popular de China,china,,High People's Courts,,Gaoji Renmin Fayuan,,Alta Corte Popular,
1,9,40,124,Other court,China,China,,República Popular de China,china,,Other or unspecified court,,,,,
1,1,41,125,Constitutional Court,Colombia,Colombia,,República de Colombia ,colombiana,,Constitutional Court,,Corte Constitucional,,Corte Constitucional,
1,3,41,126,Supreme Court of Justice,Colombia,Colombia,,República de Colombia ,colombiana,,Supreme Court of Justice,,Corte Suprema de Justicia,,Corte Suprema de Justicia,
1,9,41,127,Other court,Colombia,Colombia,,República de Colombia ,colombiana,,Other or unspecified court,,,,,
1,1,42,128,Supreme Court,Comoros,Comores,Comoras,Unión de las Comores,comorense,,Supreme Court,,,,Suprema Corte  ,
1,9,42,129,Other court,Comoros,Comores,Comoras,Unión de las Comores,comorense,,Other or unspecified court,,,,,
1,1,43,134,Supreme Court,Costa Rica,Costa Rica,,República de Costa Rica,costarricense,,Supreme Court,,,,Corte Suprema de Justicia,
1,9,43,135,Other court,Costa Rica,Costa Rica,,República de Costa Rica,costarricense,,Other or unspecified court,,,,,
1,1,44,136,Supreme Court ( Includes 4 chambers),Cote d'Ivoire,Costa de Marfil,,República de Costa de Marfil,marfileña,,Supreme Court,,,,Corte Suprema,Tribunal Supremo
1,9,44,137,Other court,Cote d'Ivoire,Costa de Marfil,,República de Costa de Marfil,marfileña,,Other or unspecified court,,,,,
1,1,45,138,Constitutional Court,Croatia,Croacia,,República de Croacia,croata,,Constitutional Court,,Ustavni Sud ,,Corte Constitucional,Tribunal Constitucional
1,2,45,139,Supreme Court,Croatia,Croacia,,República de Croacia,croata,,Supreme Court,,Sudska praksa,,Suprema Corte,Tribunal Supremo
1,9,45,140,Other court,Croatia,Croacia,,República de Croacia,croata,,Other or unspecified court,,,,,
1,1,46,141,People's Supreme Court,Cuba,Cuba,,República de Cuba,cubana,,People's Supreme Court,,,,Tribunal Supremo Popular,
1,9,46,142,Other court,Cuba,Cuba,,República de Cuba,cubana,,Other or unspecified court,,,,,
1,1,47,143,Supreme Court,Cyprus,Chipre,,República de Chipre,chipriota,,Supreme Court,,??????? ??????????,,Tribunal Supremo,
1,9,47,144,Other court,Cyprus,Chipre,,República de Chipre,chipriota,,Other or unspecified court,,,,,
1,1,48,145,Constitutional Court,Czech Republic,República Checa,,República Checa,checa,,Constitutional Court,,Ústavní soud,,Corte Constitucional,
1,2,48,146,Supreme Court,Czech Republic,República Checa,,República Checa,checa,,Supreme Court,,Nejvy??y ?eské republiky,,Tribunal Supremo,
1,9,48,147,Other court,Czech Republic,República Checa,,República Checa,checa,,Other or unspecified court,,,,,
1,1,49,130,Supreme Court,Democratic Republic of the Congo,República Democrática del Congo,,República Democrática del Congo,congoleña,,Supreme Court,,Cour Supreme de Justice,,Suprema Corte de Justicia,Tribunal Supremo de Justicia
1,9,49,131,Other court,Democratic Republic of the Congo,República Democrática del Congo,,República Democrática del Congo,congoleña,,Other or unspecified court,, ,,,
1,1,50,148,Supreme Court,Denmark,Dinamarca,,Reino de Dinamarca,danesa,,Supreme Court,,Hoejesteret,Højesteret,Tribunal Supremo,
1,9,50,149,Other court,Denmark,Dinamarca,,Reino de Dinamarca,danesa,,Other or unspecified court,,,,,
1,1,51,150,Constitutional Court,Djibouti,Djibouti,Yibuti,República de Yibuti,yibutiana,,Constitutional Court,,,,Corte Constitucional,Tribunal Constitucional
1,2,51,151,Supreme Court,Djibouti,Djibouti,Yibuti,República de Yibuti,yibutiana,,Supreme Court,,,,Corte Suprema,Tribunal supremo
1,9,51,152,Other court,Djibouti,Djibouti,Yibuti,República de Yibuti,yibutiana,,Other or unspecified court,,,,,
1,1,52,153,Eastern Caribbean Supreme Court,Dominica,Dominica,,Commonwealth de Dominica,dominiquesa,,Eastern Caribbean Supreme Court,,,,Corte Suprema del Caribe Oriental,
1,2,52,154,Court of Appeal,Dominica,Dominica,,Commonwealth de Dominica,dominiquesa,,Court of Appeal,,,,Corte de Apelaciones,Tribunal de Apelaciones
1,3,52,155,High Court,Dominica,Dominica,,Commonwealth de Dominica,dominiquesa,,High Court,,,,Corte Suprema,Tribunal Supremo
1,9,52,156,Other court,Dominica,Dominica,,Commonwealth de Dominica,dominiquesa,,Other or unspecified court,,,,,
1,1,53,157,Supreme Court,Dominican Republic,República Dominicana,,República Dominicana,dominicana,,Supreme Court,,Suprema Corte,,Suprema Corte de Justicia,
1,9,53,158,Other court,Dominican Republic,República Dominicana,,República Dominicana,dominicana,,Other or unspecified court,,,,,
1,1,54,159,Constitutional Court,Ecuador,Ecuador,,República del Ecuador,ecuatoriana,,Constitutional Court,,Corte Constitucional,,Corte Constitucional,
1,2,54,160,National Court of Justice,Ecuador,Ecuador,,República del Ecuador,ecuatoriana,,National Court of Justice,,Corte Nacional de Justicia,,Corte Nacional de Justicia,Corte Suprema de Justicia
1,9,54,161,Other court,Ecuador,Ecuador,,República del Ecuador,ecuatoriana,,Other or unspecified court,,,,,
1,1,55,162,Supreme Constitutional Court,Egypt,Egipto,,República Árabe de Egipto,egipcia,,Supreme Constitutional Court,,Mahkramat al-Naqd,,Corte Suprema Constitucional,
1,2,55,163,Court of Cassation,Egypt,Egipto,,República Árabe de Egipto,egipcia,,Court of Cassation,,Madjmu at al-kawa id al-kanuniya allati karraratha mahkamat an-nakd,,Corte de Casación,
1,9,55,164,Other court,Egypt,Egipto,,República Árabe de Egipto,egipcia,,Other or unspecified court,,,,,
1,1,56,165,Supreme Court of Justice,El Salvador,El Salvador,,República de El Salvador,salvadoreña,,Supreme Court of Justice,,Corte Suprema de Justicia,,Corte Suprema de Justicia,
1,9,56,166,Other court,El Salvador,El Salvador,,República de El Salvador,salvadoreña,,Other or unspecified court,,,,,
1,1,57,167,Supreme Tribunal,Equatorial Guinea,Guinea Ecuatorial,,República de Guinea Ecuatorial,ecuatoguineana,,Supreme Tribunal,,,,Corte Suprema,Tribunal Supremo
1,9,57,168,Other court,Equatorial Guinea,Guinea Ecuatorial,,República de Guinea Ecuatorial,ecuatoguineana,,Other or unspecified court,,,,,
1,1,58,169,High Court,Eritrea,Eritrea,,Estado de Eritrea,eritrea,,High Court,,,,Alta Corte ,
1,9,58,170,Other court,Eritrea,Eritrea,,Estado de Eritrea,eritrea,,Other or unspecified court,,,,,
1,1,59,171,Supreme Court,Estonia,Estonia,,República de Estonia,estonia,,Supreme Court,,Riigikohus,,Corte Suprema,Tribunal Supremo
1,9,59,172,Other court,Estonia,Estonia,,República de Estonia,estonia,,Other or unspecified court,,,,,
1,1,60,173,Federal Supreme Court,Ethiopia,Etiopía,,República Federal Democrática de Etiopía,etíope,,Federal Supreme Court,,,,Corte Suprema Federal,
1,9,60,174,Other court,Ethiopia,Etiopía,,República Federal Democrática de Etiopía,etíope,,Other or unspecified court,,,,,
1,1,61,175,The Faroese Court,Faeroe Islands,Islas Feroe,,Islas Feroe,feroés,,The Faroese Court,,,,Corte,
1,9,61,176,Other court,Faeroe Islands,Islas Feroe,,Islas Feroe,feroés,,Other or unspecified court,,,,,
1,1,62,336,Supreme Court,Federated States of Micronesia,Estados Federados de Micronesia,,Estados Federados de Micronesia,micronesia,,Supreme Court,,,,Corte Suprema,
1,9,62,337,Other court,Federated States of Micronesia,Estados Federados de Micronesia,,Estados Federados de Micronesia,micronesia,,Other or unspecified court,,,,,
1,1,63,177,Supreme Court,Fiji,Fiji,Fiyi,República de las Islas Fiyi,fiyiana,,Supreme Court,,,,Corte Suprema,
1,2,63,178,Court of Appeal,Fiji,Fiji,Fiyi,República de las Islas Fiyi,fiyiana,,Court of Appeal,,,,Corte de Apelaciones,
1,3,63,179,High Court,Fiji,Fiji,Fiyi,República de las Islas Fiyi,fiyiana,,High Court,,,,Alta Corte,
1,9,63,180,Other court,Fiji,Fiji,Fiyi,República de las Islas Fiyi,fiyiana,,Other or unspecified court,,,,,
1,1,64,181,Supreme Court,Finland,Finlandia,,República de Finlandia,finlandesa,,Supreme Court,,korkein oikeus,,Tribunal Supremo,
1,4,64,182,Court of Appeal,Finland,Finlandia,,República de Finlandia,finlandesa,,Court of Appeal,,hovioikeus,,Tribunal de Apelación,
1,9,64,183,Other court,Finland,Finlandia,,República de Finlandia,finlandesa,,Other or unspecified court,,,,,
1,1,65,184,Constitutional Council,France,Francia,,República Francesa,francesa,,Constitutional Council,,Conseil Constitutionnel,,Consejo Constitucional,
1,2,65,185,Council of State,France,Francia,,República Francesa,francesa,,Council of State,,Conseil d'État,,Consejo de Estado,
1,3,65,186,Court of Cassation,France,Francia,,República Francesa,francesa,,Court of Cassation,,Cour de Cassation,,Tribunal de Casación,
1,9,65,187,Other court,France,Francia,,República Francesa,francesa,,Other or unspecified court,,,,,
1,1,66,188,Court of Appeal,French Polynesia,Polinesia Francesa,,Polinesia Francesa,polinesia,,Court of Appeal,,,,Corte de Apelaciones,
1,9,66,189,Other court,French Polynesia,Polinesia Francesa,,Polinesia Francesa,polinesia,,Other or unspecified court,,,,,
1,1,67,190,Judicial Supreme Cour,Gabon,Gabón,,República Gabonesa,gabonesa,,Judicial Supreme Cour,,Cour de Cassation,,Corte Suprema Judicial,
1,9,67,192,Other court,Gabon,Gabón,,República Gabonesa,gabonesa,,Other or unspecified court,,,,,
1,1,68,195,Constitutional Court,Georgia,Georgia,,Georgia,georgania,,Constitutional Court,,,,Corte Constitucional,
1,2,68,196,Supreme Court,Georgia,Georgia,,Georgia,georgania,,Supreme Court,,,,Corte Suprema,
1,9,68,197,Other court,Georgia,Georgia,,Georgia,georgania,,Other or unspecified court,,,,,
1,1,69,198,Federal Constitutional Court,Germany,Alemania,,República Federal de Alemania,alemana,,Federal Constitutional Court,,Bundesverfassungsgericht,,Tribunal Constitucional Federal de Alemania,Corte Constitucional Federal de Alemania
1,2,69,199,Federal Court of Justice,Germany,Alemania,,República Federal de Alemania,alemana,,Federal Court of Justice,,Bundesgerichtshof,,Tribunal Federal de Justicia,Corte Federal de Justicia
1,9,69,200,Other court,Germany,Alemania,,República Federal de Alemania,alemana,,Other or unspecified court,,,,,
1,1,70,201,Supreme Court,Ghana,Ghana,,República de Ghana,ghanesa,,Supreme Court,,,,Corte Suprema,
1,9,70,202,Other court,Ghana,Ghana,,República de Ghana,ghanesa,,Other or unspecified court,,,,,
1,1,71,203,Supreme Civil and Criminal Court,Greece,Grecia,,República Helénica,griega,,Supreme Civil and Criminal Court,,Areios Pagos,,Tribunal Supremo,Tribunal Supremo de lo Civil y lo Criminal
1,2,71,204,Council of State,Greece,Grecia,,República Helénica,griega,,Council of State,,Symboulio tis Epikrateias,,Consejo de Estado,
1,9,71,205,Other court,Greece,Grecia,,República Helénica,griega,,Other or unspecified court,,,,,
1,1,72,206,High Court,Greenland,Groenlandia,,Groenlandia,groenlandesa,,High Court,,,,Suprema Corte,
1,9,72,207,Other court,Greenland,Groenlandia,,Groenlandia,groenlandesa,,Other or unspecified court,,,,,
1,1,73,208,Eastern Caribbean Supreme Court,Grenada,Granada,,Granada,granadina,,Eastern Caribbean Supreme Court,,,,Suprema Corte del Caribe Oriental,
1,2,73,209,Itinerant Court of Appeal,Grenada,Granada,,Granada,granadina,,Itinerant Court of Appeal,,,,Corte de Apelaciones Itinerante,
1,9,73,210,Other court,Grenada,Granada,,Granada,granadina,,Other or unspecified court,,,,,
1,1,74,211,Federal District Court,Guam,Guam,,Guam,,,Federal District Court,,,,Corte Federal de Distrito,
1,2,74,212,Supreme Court,Guam,Guam,,Guam,,,Supreme Court,,,,Corte Suprema,
1,9,74,213,Other court,Guam,Guam,,Guam,,,Other or unspecified court,,,,,
1,1,75,214,Constitutional Court,Guatemala,Guatemala,,República de Guatemala,guatemalteca,,Constitutional Court,,Corte de Constitucionalidad,,Corte de Constitucionalidad,
1,2,75,215,Supreme Court,Guatemala,Guatemala,,República de Guatemala,guatemalteca,,Supreme Court,,Corte Suprema de Justicia,,Corte Suprema de Justicia,
1,9,75,216,Other court,Guatemala,Guatemala,,República de Guatemala,guatemalteca,,Other or unspecified court,,,,,
1,1,76,217,Constitutional Court,Guinea,Guinea,República Guinea,República Guinea,guineana,,Constitutional Court,,Cour constitutionnelle,,Corte Constitucional,Tribunal Constitucional
1,2,76,218,Supreme Court,Guinea,Guinea,República Guinea,República Guinea,guineana,,Supreme Court,,Cour Supreme ,,Corte Suprema,Tribunal Supremo
1,9,76,219,Other court,Guinea,Guinea,República Guinea,República Guinea,guineana,,Other or unspecified court,,,,,
1,1,77,220,Supreme Court,Guinea-Bissau,Guinea-Bissau,Guinea Bissau,República de Guinea-Bisáu,guineana,,Supreme Court,,,,Corte Suprema,
1,9,77,221,Other court,Guinea-Bissau,Guinea-Bissau,Guinea Bissau,República de Guinea-Bisáu,guineana,,Other or unspecified court,,,,,
1,1,78,222,High Court,Guyana,Guyana,,República Cooperativa de Guyana,guyanesa,,High Court,,,,Alta Corte,
1,2,78,223,Court of Appeal,Guyana,Guyana,,República Cooperativa de Guyana,guyanesa,,Court of Appeal,,,,Corte Judicial de Apelaciones,Corte Suprema de la Judicatura
1,9,78,224,Other court,Guyana,Guyana,,República Cooperativa de Guyana,guyanesa,,Other or unspecified court,,,,,
1,1,79,225,Court of Cassation,Haiti,Haití,,República de Haití,haitiana,,Court of Cassation,,Cour de Cassation,,Corte de Casación,
1,9,79,226,Other court,Haiti,Haití,,República de Haití,haitiana,,Other or unspecified court,,,,,
1,1,80,227,Supreme Court of Justice,Honduras,Honduras,,República de Honduras,hondureña,,Supreme Court of Justice,,Corte Suprema de Justicia,,Corte Suprema de Justicia,
1,9,80,228,Other court,Honduras,Honduras,,República de Honduras,hondureña,,Other or unspecified court,,,,,
1,1,81,229,Court of Final Appeal,Hong Kong,Hong Kong,,Región Administrativa Especial de Hong Kong de la República Popular China,hongkonesa,,Court of Final Appeal,,,,Corte de Apelaciones de Última Instancia,Tribunal de Apelación
1,9,81,230,Other court,Hong Kong,Hong Kong,,Región Administrativa Especial de Hong Kong de la República Popular China,hongkonesa,,Other or unspecified court,,,,,
1,1,82,231,Constitutional Court,Hungary,Hungría,,República de Hungría,húngara,,Constitutional Court,,Alkotmánybíróság,,Tribunal Constitucional,Corte Constitucional
1,2,82,232,Supreme Court,Hungary,Hungría,,República de Hungría,húngara,,Supreme Court,,Legfels?bb bíróság,,Tribunal Supremo,
1,9,82,233,Other court,Hungary,Hungría,,República de Hungría,húngara,,Other or unspecified court,,,,,
1,1,83,234,Supreme Court,Iceland,Islandia,,República de Islandia,islandesa,,Supreme Court,,haestirettur,,Suprema Corte de Justicia,
1,9,83,235,Other court,Iceland,Islandia,,República de Islandia,islandesa,,Other or unspecified court,,,,,
1,1,84,236,Supreme Court,India,India,,República de la India,india,,Supreme Court,,,,Corte Suprema,Suprema Corte
1,9,84,237,Other court,India,India,,República de la India,india,,Other or unspecified court,,,,,
1,1,85,238,Constitutional Court,Indonesia,Indonesia,,República de Indonesia,indonesia,,Constitutional Court,, ,,Corte Constitucional,
1,2,85,239,Supreme Court,Indonesia,Indonesia,,República de Indonesia,indonesia,,Supreme Court,,Mahkamah Agung,,Corte Suprema,
1,9,85,240,Other court,Indonesia,Indonesia,,República de Indonesia,indonesia,,Other or unspecified court,,,,,
1,1,86,241,State Supreme Court,Iran,Irán,,República Islámica de Irán,iraní,,State Supreme Court,,Qeveh Qazaieh,,Corte Suprema del Estado,
1,2,86,242,High Council of the Judiciary,Iran,Irán,,República Islámica de Irán,iraní,,High Council of the Judiciary,,,,Alto Consejo de la Judicatura,
1,9,86,243,Other court,Iran,Irán,,República Islámica de Irán,iraní,,Other or unspecified court,,,,,
1,1,87,244,Federal Supreme Court,Iraq,Irak,,República de Irak,iraquí,,Federal Supreme Court,,,,Corte Suprema Federal,
1,2,87,245,Federal Court of Cassation,Iraq,Irak,,República de Irak,iraquí,,Federal Court of Cassation,,,,Corte Federal de Casación,
1,9,87,246,Other court,Iraq,Irak,,República de Irak,iraquí,,Other or unspecified court,,,,,
1,1,88,247,Supreme Court,Ireland,Irlanda,,República de Irlanda,irlandesa,,Supreme Court,,an Chuirt Uachtarach,,Tribunal Supremo,
1,9,88,248,Other court,Ireland,Irlanda,,República de Irlanda,irlandesa,,Other or unspecified court,,,,,
1,1,89,249,High Court of Justice,Isle of Man,Isla de Man,,Isla de Man,manesa,,High Court of Justice,,,,Alta Corte de Justicia,
1,9,89,250,Other court,Isle of Man,Isla de Man,,Isla de Man,manesa,,Other or unspecified court,,,,,
1,1,90,251,Supreme Court,Israel,Israel,,Estado de Israel,israelí,,Supreme Court,,Piskei Din,,Corte Suprema de Justicia,
1,9,90,252,Other court,Israel,Israel,,Estado de Israel,israelí,,Other or unspecified court,,,,,
1,1,91,253,Constitutional Court,Italy,Italia,,República Italiana,italiana,,Constitutional Court,,Corte Constituzionale,,Tribunal Constitucional,Corte Constitucional
1,2,91,254,Supreme Court of Cassation,Italy,Italia,,República Italiana,italiana,,Supreme Court of Cassation,,Corte di cassazione,,Tribunal Supremo,Tribunal de Casación
1,9,91,255,Other court,Italy,Italia,,República Italiana,italiana,,Other or unspecified court,,,,,
1,1,92,256,Privy Council,Jamaica,Jamaica,,Jamaica,jamaiquina,jamaicana,Privy Council,,,,Comité Judicial del Consejo Privado,
1,2,92,257,Court of Appeal,Jamaica,Jamaica,,Jamaica,jamaiquina,jamaicana,Court of Appeal,,,,Corte de Apelaciones,Tribunal de apelaciones
1,9,92,258,Other court,Jamaica,Jamaica,,Jamaica,jamaiquina,jamaicana,Other or unspecified court,,,,,
1,1,93,259,Supreme Court,Japan,Japón,,Japón,japonesa,,Supreme Court,,Saiko Saibansho ,,Corte Suprema,Suprema Corte
1,9,93,260,Other court,Japan,Japón,,Japón,japonesa,,Other or unspecified court,,,,,
1,1,94,261,Supreme Court (Court of Cassation),Jordan,Jordania,,Reino Hachemita de Jordania,jordana,,Supreme Court ,Court of Cassation,,,Tribunal Supremo,
1,9,94,262,Other court,Jordan,Jordania,,Reino Hachemita de Jordania,jordana,,Other or unspecified court,,,,,
1,2,95,263,Supreme Court,Kazakhstan,Kazajstán,Kazajistán,República de Kazajstán,kazaja,,Supreme Court,,,,Corte Suprema,Tribunal Supremo
1,9,95,264,Other court,Kazakhstan,Kazajstán,Kazajistán,República de Kazajstán,kazaja,,Other or unspecified court,,,,,
1,1,96,265,Supreme Court,Kenya,Kenia,,República de Kenia,keniana,keniata,Supreme Court,,,,Corte Suprema,Tribunal Supremo
1,9,96,266,Other court,Kenya,Kenia,,República de Kenia,keniana,keniata,Other or unspecified court,,,,,
1,1,97,267,Court of Appeal,Kiribati,Kiribati,,República de Kiribati,kiribatiana,,Court of Appeal,,,,Tribunal de Apelaciones,
1,2,97,268,High Court,Kiribati,Kiribati,,República de Kiribati,kiribatiana,,High Court,,,,Alta Corte,Corte Suprema
1,9,97,269,Other court,Kiribati,Kiribati,,República de Kiribati,kiribatiana,,Other or unspecified court,,,,,
1,1,98,275,Constitutional Court,Kosovo,Kosovo,,República de Kosovo,kosovar,,Constitutional Court,,,,Corte Constitucional,
1,2,98,276,Supreme Court,Kosovo,Kosovo,,República de Kosovo,kosovar,,Supreme Court,,,,Corte Suprema,
1,9,98,277,Other court,Kosovo,Kosovo,,República de Kosovo,kosovar,,Other or unspecified court,,,,,
1,1,99,278,Court of Cassation,Kuwait,Kuwait,,Estado de Kuwait,kuwaití,,Court of Cassation,,,,Corte de Casación,Tribunal de Casación
1,9,99,279,Other court,Kuwait,Kuwait,,Estado de Kuwait,kuwaití,,Other or unspecified court,,,,,
1,1,100,280,Constitutional Court,Kyrgyzstan,Kirguistán,,República de Kirguistán,kirguís,kirguisa,Constitutional Court,,,,Corte Constitucional,
1,2,100,281,Supreme Court,Kyrgyzstan,Kirguistán,,República de Kirguistán,kirguís,kirguisa,Supreme Court,,,,Corte Suprema,Suprema Corte
1,9,100,282,Other court,Kyrgyzstan,Kirguistán,,República de Kirguistán,kirguís,kirguisa,Other or unspecified court,,,,,
1,1,101,283,Supreme Court,Laos,Laos,,República Democrática Popular de Laos,laosiana,,Supreme Court,,,,Corte Suprema,
1,9,101,284,Other court,Laos,Laos,,República Democrática Popular de Laos,laosiana,,Other or unspecified court,,,,,
1,2,102,285,Supreme Court,Latvia,Letonia,,República de Letonia,letona,,Supreme Court,,Augst?k?s tiesas,,Tribunal Supremo,Corte Suprema
1,9,102,286,Other court,Latvia,Letonia,,República de Letonia,letona,,Other or unspecified court,,,,,
1,1,103,287,Court of Cassation ( 4 courts),Lebanon,Líbano,,República de Líbano,libanesa,,Court of Cassation,,,,Corte de Casación,
1,9,103,288,Other court,Lebanon,Líbano,,República de Líbano,libanesa,,Other or unspecified court,,,,,
1,1,104,289,High Court,Lesotho,Lesotho,,Reino de Lesotho,lesotense,,High Court,,,,Alta Corte,
1,2,104,290,Court of Appeal,Lesotho,Lesotho,,Reino de Lesotho,lesotense,,Court of Appeal,,,,Corte de Apelaciones,
1,9,104,291,Other court,Lesotho,Lesotho,,Reino de Lesotho,lesotense,,Other or unspecified court,,,,,
1,1,105,292,Supreme Court,Liberia,Liberia,,República de Liberia,liberiana,,Supreme Court,,,,Suprema Corte,
1,9,105,293,Other court,Liberia,Liberia,,República de Liberia,liberiana,,Other or unspecified court,,,,,
1,1,106,294,Supreme Court,Libya,Libia,,República Libanesa,libia,,Supreme Court,,,,Tribunal Supremo,Corte Suprema
1,9,106,295,Other court,Libya,Libia,,República Libanesa,libia,,Other or unspecified court,,,,,
1,1,107,296,Constitutional Court,Liechtenstein,Liechtenstein,, Principado de Liechtenstein,lichtensteniana,,Constitutional Court,,,,Corte Constitucional,
1,3,107,297,Court of Appeal,Liechtenstein,Liechtenstein,, Principado de Liechtenstein,lichtensteniana,,Court of Appeal,,,,Corte de Apelaciones,
1,9,107,298,Other court,Liechtenstein,Liechtenstein,, Principado de Liechtenstein,lichtensteniana,,Other or unspecified court,,,,,
1,1,108,299,Supreme Court,Lithuania,Lituania,,República de Lituania,lituana,,Supreme Court,,Auk??iausiasis Teismas,,Tribunal Supremo,
1,2,108,300,Court of Appeal,Lithuania,Lituania,,República de Lituania,lituana,,Court of Appeal,,Apeliacinis Teismas,,Tribunal de Apelación,
1,9,108,301,Other court,Lithuania,Lituania,,República de Lituania,lituana,,Other or unspecified court,,,,,
1,1,109,302,Constitutional Court,Luxembourg,Luxembourgo,,Gran Ducado de Luxemburgo ,luxemburguesa,,Constitutional Court,,Cour Constitutionnelle,,Tribunal Constitucional,Corte Constitucional
1,2,109,303,Superior Court of Justice,Luxembourg,Luxembourgo,,Gran Ducado de Luxemburgo ,luxemburguesa,,Superior Court of Justice,,Cour Supérieure de Justice,,Tribunal Supremo de Justicia,Corte Suprema De Justicia
1,9,109,304,Other court,Luxembourg,Luxembourgo,,Gran Ducado de Luxemburgo ,luxemburguesa,,Other or unspecified court,,,,,
1,1,110,305,Court of Final Appeal,Macau ,Macao,,Macau Región Administrativa Especial,macaense,,Court of Final Appeal,,,,Tribunal de Apelación,Corte de Apelaciones
1,9,110,306,Other court,Macau ,Macao,,Macau Región Administrativa Especial,macaense,,Other or unspecified court,,,,,
1,1,111,307,Constitutional Court,Macedonia,Macedonia,,República de Macedonia,macedonia,,Constitutional Court,,,,Corte Constitucional,
1,2,111,308,Supreme Court,Macedonia,Macedonia,,República de Macedonia,macedonia,,Supreme Court,,,,Suprema Corte,
1,9,111,309,Other court,Macedonia,Macedonia,,República de Macedonia,macedonia,,Other or unspecified court,,,,,
1,1,112,310,High Constitutional Court,Madagascar,Madagascar,,República de Madagascar ,malgache,,High Constitutional Court,,,,Alta Corte Constitucional,
1,2,112,311,Supreme Court,Madagascar,Madagascar,,República de Madagascar ,malgache,,Supreme Court,,,,Corte Suprema,
1,9,112,312,Other court,Madagascar,Madagascar,,República de Madagascar ,malgache,,Other or unspecified court,,,,,
1,1,113,313,Supreme Court of Appeal,Malawi,Malaui,Malawi,República de Malaui,malauí,,Supreme Court of Appeal,,,,Corte Suprema de Apelaciones,
1,9,113,314,Other court,Malawi,Malaui,Malawi,República de Malaui,malauí,,Other or unspecified court,,,,,
1,1,114,315,Federal Court,Malaysia,Malasia,,Malasia,malasia,,Federal Court,,,,Corte Federal,
1,3,114,316,High Court of Malaya,Malaysia,Malasia,,Malasia,malasia,,High Court of Malaya ,,,,Alta Corte de Malasia,
1,9,114,317,Other Court / Sharia Courts,Malaysia,Malasia,,Malasia,malasia,,Other or unspecified court ,,,,,
1,1,115,318,Supreme Court,Maldives,Maldivas,,República de las Maldivas,maldiva,,Supreme Court,,,,Suprema Corte,
1,9,115,319,Other court,Maldives,Maldivas,,República de las Maldivas,maldiva,,Other or unspecified court,,,,,
1,1,116,320,Supreme Court,Mali,Malí,,República de Malí,malí,maliense,Supreme Court,,,,Corte Suprema,Tribunal Supremo
1,9,116,321,Other court,Mali,Malí,,República de Malí,malí,maliense,Other or unspecified court,,,,,
1,1,117,322,Constitutional Court,Malta,Malta,,República de Malta,maltesa,,Constitutional Court,,,,Tribunal Constitucional,
1,2,117,323,Court of Appeal,Malta,Malta,,República de Malta,maltesa,,Court of Appeal,,,,Tribunal de Apelación,
1,9,117,324,Other court,Malta,Malta,,República de Malta,maltesa,,Other or unspecified court,,,,,
1,1,118,325,Supreme Court,Marshall Islands,Islas Marshall,,República de las Islas Marshall,marshalesa,,Supreme Court,,,,Corte Suprema,
1,2,118,326,High Court,Marshall Islands,Islas Marshall,,República de las Islas Marshall,marshalesa,,High Court,,,,Alta corte,Corte Superior
1,3,118,327,Traditional Rights Court,Marshall Islands,Islas Marshall,,República de las Islas Marshall,marshalesa,,Traditional Rights Court,,,,Corte de Derechos Tradicionales,Tribunal de Derechos Tradicionales 
1,9,118,328,Other court,Marshall Islands,Islas Marshall,,República de las Islas Marshall,marshalesa,,Other or unspecified court,,,,,
1,1,119,329,Constitutional Court,Mauritania,Mauritania,,República Islámica de Mauritania,mauritana,,Constitutional Court,,Cour constitutionnelle,,Corte Constitucional,
1,2,119,330,Supreme Court,Mauritania,Mauritania,,República Islámica de Mauritania,mauritana,,Supreme Court,,Cour Supreme ,,Tribunal Superior de Justicia,Corte Suprema
1,9,119,331,Other court,Mauritania,Mauritania,,República Islámica de Mauritania,mauritana,,Other or unspecified court,,,,,
1,1,120,332,Supreme Court,Mauritius,Mauricio,,República de Mauricio,mauriciana,,Supreme Court,,,,Corte Suprema,Tribunal Supremo
1,9,120,333,Other court,Mauritius,Mauricio,,República de Mauricio,mauriciana,,Other or unspecified court,,,,,
1,1,121,334,Supreme Court,Mexico,México,,Estados Unidos Mexicanos,mexicana,,Supreme Court,,Suprema Corte de Justicia de la Nación,,Suprema Corte de Justicia de la Nación,
1,9,121,335,Other court,Mexico,México,,Estados Unidos Mexicanos,mexicana,,Other or unspecified court,,,,,
1,1,122,338,Constitutional Court,Moldova,Moldavia,,República de Moldavia,moldava,,Constitutional Court,,Curtea Constitu?ional?,,Corte Constitucional,
1,2,122,339,Supreme Court,Moldova,Moldavia,,República de Moldavia,moldava,,Supreme Court,,Cur?ii Supreme de Justi?ie,,Corte Suprema,
1,9,122,340,Other court,Moldova,Moldavia,,República de Moldavia,moldava,,Other or unspecified court,,,,,
1,1,123,341,Supreme Court,Monaco,Mónaco,,Principado de Mónaco,monegasca,,Supreme Court,,,,Corte Suprema,
1,9,123,342,Other court,Monaco,Mónaco,,Principado de Mónaco,monegasca,,Other or unspecified court,,,,,
1,1,124,343,Constitutional court,Mongolia,Mongolia,,Mongolia,mongola,,Supreme Court,,,,Corte Suprema,
1,1,124,344,Supreme Court,Mongolia,Mongolia,,Mongolia,mongola,,Constitutional court,,Tsets,,Corte Constitucional,
1,9,124,345,Other court,Mongolia,Mongolia,,Mongolia,mongola,,Other or unspecified court,,,,,
1,1,125,346,Constitutional Court,Montenegro,Montenegro,,República de Montenegro,montenegrina,,Constitutional Court,,,,Tribunal Constitucional,Corte Constitucional
1,2,125,347,Supreme Court,Montenegro,Montenegro,,República de Montenegro,montenegrina,,Supreme Court,,,,Tribunal Supremo,Corte Suprema
1,9,125,348,Other court,Montenegro,Montenegro,,República de Montenegro,montenegrina,,Other or unspecified court,,,,,
1,1,126,349,Supreme Court,Morocco,Marruecos,,Reino de Marruecos,marroquí,,Constitutional Council,,,,Tribunal Constitucional,Consejo Constitucional
1,2,126,350,Constitutional Council,Morocco,Marruecos,,Reino de Marruecos,marroquí,,Supreme Court,,,,Tribunal Supremo,
1,9,126,351,Other court,Morocco,Marruecos,,Reino de Marruecos,marroquí,,Other or unspecified court,,,,,
1,1,127,352,Constitutional Court,Mozambique,Mozambique,,República de Mozambique,mozambiqueña,,Constitutional Court,,Conselho Constitutional,,Consejo Constitucional,Corte Constitucional
1,2,127,353,Supreme Court,Mozambique,Mozambique,,República de Mozambique,mozambiqueña,,Supreme Court,,Tribunal Supremo,,Tribunal Supremo,Corte Suprema
1,9,127,354,Other court,Mozambique,Mozambique,,República de Mozambique,mozambiqueña,,Other or unspecified court,,,,,
1,1,128,355,Supreme Court,Namibia,Namibia,,República de Namibia,namibia,,Supreme Court,,,,Tribunal Supremo,
1,9,128,356,Other court,Namibia,Namibia,,República de Namibia,namibia,,Other or unspecified court,,,,,
1,1,129,357,Supreme Court,Nauru,Nauru,,República de Nauru,nauruana,,Supreme Court,,,,Corte Suprema,Tribunal Supremo
1,9,129,358,Other court,Nauru,Nauru,,República de Nauru,nauruana,,Other or unspecified court,,,,,
1,1,130,359,Supreme Court,Nepal,Nepal,,República Federal Democrática de Nepal,nepalesa,nepalí,Supreme Court,,Sarbochha Adalat,,Tribunal Supremo,Corte Suprema
1,9,130,360,Other court,Nepal,Nepal,,República Federal Democrática de Nepal,nepalesa,nepalí,Other or unspecified court,,,,,
1,1,131,361,Supreme Court,Netherlands,Holanda,Países Bajos,Reino de los Países Bajos,holandesa,neerlandesa,Supreme Court ,,Hoge Raad,,Tribunal Supremo,
1,9,131,362,Other court,Netherlands,Holanda,Países Bajos,Reino de los Países Bajos,holandesa,neerlandesa,Other or unspecified court,,,,,
1,1,132,363,Court of Appeal,New Caledonia,Nueva Caledonia,,Territorio de Ultramar de la Nueva Caledonia,,,Court of Appeal,,,,Corte de Apelaciones,
1,9,132,364,Other court,New Caledonia,Nueva Caledonia,,Territorio de Ultramar de la Nueva Caledonia,,,Other or unspecified court,,,,,
1,1,133,365,Supreme Court,New Zealand,Nueva Zelanda,Nueva Zelandia,Nueva Zelanda,neozelandesa,,Supreme Court,,,,Corte Suprema,Tribunal Supremo
1,9,133,366,Other court,New Zealand,Nueva Zelanda,Nueva Zelandia,Nueva Zelanda,neozelandesa,,Other or unspecified court,,,,,
1,1,134,367,Supreme Court,Nicaragua,Nicaragua,,República de Nicaragua,nicaragüense,,Supreme Court,,Corte Suprema de Justicia,,Corte Suprema de Justicia,
1,9,134,368,Other court,Nicaragua,Nicaragua,,República de Nicaragua,nicaragüense,,Other or unspecified court,,,,,
1,1,135,369,Constitutional court,Niger,Níger,,República de Níger,nigerina,,Constitutional court,,Cour Constitutionnelle,,Corte Constitucional,
1,2,135,370,Supreme Court,Niger,Níger,,República de Níger,nigerina,,Supreme Court,,cour suprême,,Corte Suprema,
1,9,135,371,Other court,Niger,Níger,,República de Níger,nigerina,,Other or unspecified court,,,,,
1,1,136,372,Supreme Court,Nigeria,Nigeria,,República Federal de Nigeria,nigeriana,,Supreme Court,,,,Corte Suprema,Tribunal Supremo
1,2,136,373,Court of Appeal,Nigeria,Nigeria,,República Federal de Nigeria,nigeriana,,Court of Appeal,,,,Corte de Apelaciones,
1,9,136,374,Other court,Nigeria,Nigeria,,República Federal de Nigeria,nigeriana,,Other or unspecified court,,,,,
1,1,137,270,Central Court,North Korea,Corea del Norte,,República Democrática Popular de Corea,norcoreana,,Central Court,,,,Corte Central,Corte Suprema
1,9,137,271,Other court,North Korea,Corea del Norte,,República Democrática Popular de Corea,norcoreana,,Other or unspecified court,,,,,
1,1,138,375,Commonwealth Supreme Court,Northern Mariana Islands,Marianas del Norte,Islas Marianas,Mancomunidad de las Islas Marianas del Norte,normariana,,Commonwealth Supreme Court,,,,,
1,9,138,377,Other court,Northern Mariana Islands,Marianas del Norte,Islas Marianas,Mancomunidad de las Islas Marianas del Norte,normariana,,Other or unspecified court,,,,,
1,1,139,378,Supreme Court,Norway,Noruega,,Reino de Noruega,noruega,,Supreme Court,,Høyesterett,,Corte Suprema,
1,2,139,379,Court of Appeal,Norway,Noruega,,Reino de Noruega,noruega,,Court of Appeal,, ,,Corte de Apelaciones,
1,9,139,380,Other court,Norway,Noruega,,Reino de Noruega,noruega,,Other or unspecified court,,,,,
1,1,140,381,Supreme Court,Oman,Omán,,Sultanato de Omán,omaní,,Supreme Court,,,,Corte Suprema,Tribunal Superior
1,9,140,382,Other court,Oman,Omán,,Sultanato de Omán,omaní,,Other or unspecified court,,,,,
1,1,141,383,Supreme Court,Pakistan,Paquistán,Pakistán,República Islámica de Paquistán,paquistaní,,Supreme Court,,,,Corte Suprema,Tribunal Superior
1,2,141,384,Federal Islamic Court,Pakistan,Paquistán,Pakistán,República Islámica de Paquistán,paquistaní,,Federal Islamic Court,,,,Corte Islámica Federal,Tribunal Federal Islámico
1,9,141,385,Other court,Pakistan,Paquistán,Pakistán,República Islámica de Paquistán,paquistaní,,Other or unspecified court,,,,,
1,1,142,386,Supreme Court,Palau,Palau,Palaos,República de Palaos,paluana,,Supreme Court,,,,Corte Suprema,
1,9,142,387,Other court,Palau,Palau,Palaos,República de Palaos,paluana,,Other or unspecified court,,,,,
1,1,143,388,Supreme Court of Justice,Panama,Panamá,,República de Panamá,panameña,,Supreme Court of Justice,,Corte Suprema de Justicia,,Corte Suprema de Justicia,
1,9,143,389,Other court,Panama,Panamá,,República de Panamá,panameña,,Other or unspecified court,,,,,
1,1,144,390,Supreme Court,Papua New Guinea,Papúa Nueva Guinea,Papúa-Nueva Guinea,Estado Independiente de Papúa Nueva Guinea,papú,,Supreme Court,,,,Tribunal Supremo,Corte Suprema
1,9,144,391,Other court,Papua New Guinea,Papúa Nueva Guinea,Papúa-Nueva Guinea,Estado Independiente de Papúa Nueva Guinea,papú,,Other or unspecified court,,,,,
1,1,145,392,Supreme Court of Justice,Paraguay,Paraguay,,República del Paraguay,paraguaya,,Supreme Court of Justice,,Corte Suprema de Justicia,,Corte Suprema de Justicia,
1,9,145,393,Other court,Paraguay,Paraguay,,República del Paraguay,paraguaya,,Other or unspecified court,,,,,
1,1,146,394,Tribunal Constitucional,Peru,Perú,,República del Perú,peruana,,Tribunal Constitucional,,,,Tribunal Constitucional,
1,2,146,395,Supreme Court of Justice,Peru,Perú,,República del Perú,peruana,,Supreme Court of Justice,,Corte Suprema,,Corte Suprema,
1,9,146,396,Other court,Peru,Perú,,República del Perú,peruana,,Other or unspecified court,,,,,
1,1,147,397,Supreme Court,Philippines,Filipinas,,República de Filipinas,filipina,,Supreme Court,,,,Tribunal Supremo,Corte Suprema
1,9,147,398,Other court,Philippines,Filipinas,,República de Filipinas,filipina,,Other or unspecified court,,,,,
1,1,148,399,Constitutional Tribunal,Poland,Polonia,,República de Polonia,polaca,,Constitutional Tribunal,,Trybunal Konstytucyjny,,Tribunal Constitucional,
1,2,148,400,Supreme Court,Poland,Polonia,,República de Polonia,polaca,,Supreme Court,,Sady Najwyzszy,,Tribunal Supremo,
1,9,148,401,Other court,Poland,Polonia,,República de Polonia,polaca,,Other or unspecified court,,,,,
1,1,149,402,Constitutional court,Portugal,Portugal,,República Portuguesa,portuguesa,,Constitutional court,,Tribunal Constitucional,,Tribunal Constitucional,
1,2,149,403,Supreme Court,Portugal,Portugal,,República Portuguesa,portuguesa,,Supreme Court,,Supremo Tribunal de Justiça ,,Tribunal Supremo de Justicia,
1,9,149,404,Other court,Portugal,Portugal,,República Portuguesa,portuguesa,,Other or unspecified court,,,,,
1,1,150,405,Supreme Court,Puerto Rico,Puerto Rico,,Estado Libre Asociado de Puerto Rico,puertorriqueña,,Supreme Court,,,,Corte Suprema,
1,2,150,406,Appellate Court,Puerto Rico,Puerto Rico,,Estado Libre Asociado de Puerto Rico,puertorriqueña,,Appellate Court,,,,Corte de Apelaciones,
1,9,150,407,Other court,Puerto Rico,Puerto Rico,,Estado Libre Asociado de Puerto Rico,puertorriqueña,,Other or unspecified court,,,,,
1,1,151,408,Supreme Constitutional Court,Qatar,Qatar,Catar,Estado de Qatar,qatarí,catarí,Supreme Constitutional Court,,,,Suprema Corte Constitucional,
1,2,151,409,Supreme Judiciary Council,Qatar,Qatar,Catar,Estado de Qatar,qatarí,catarí,Supreme Judiciary Council,,,,Supremo Consejo Judicial,
1,9,151,410,Other court,Qatar,Qatar,Catar,Estado de Qatar,qatarí,catarí,Other or unspecified court,,,,,
1,1,152,132,Supreme Court,Republic of the Congo,República del Congo,,República del Congo,congoleña,,Supreme Court,,,,Corte Suprema,Tribunal Supremo
1,9,152,133,Other court,Republic of the Congo,República del Congo,,República del Congo,congoleña,,Other or unspecified court,,,,,
1,1,153,411,Constitutional Court,Romania,Rumanía,,Rumanía,rumana,,Constitutional Court,,Curtea Constitu?ional?,,Tribunal Constitucional,
1,2,153,412,High Court of Cassation,Romania,Rumanía,,Rumanía,rumana,,High Court of Cassation,,Înalta Curtea de Casa?ie ?i Justi?ie,,Tribunal Supremo de Casación y Justicia,
1,9,153,413,Other court,Romania,Rumanía,,Rumanía,rumana,,Other or unspecified court,,,,,
1,1,154,414,Constitutional Court,Russia,Rusia,,Federación de Rusia,rusa,,Constitutional Court,,Konstitutsionnii Sud Rossiiskoi Federatsii,Konstitutsionnyi Sud RF,Corte Constitucional,
1,2,154,415,Supreme Court,Russia,Rusia,,Federación de Rusia,rusa,,Supreme Court,,Verhovnii Sud Rossiiskoi Federatsii,Verkhovnyi Sud RF,Corte Suprema,
1,9,154,416,Other court,Russia,Rusia,,Federación de Rusia,rusa,,Other or unspecified court,,,,,
1,1,155,417,Supreme Court,Rwanda,Ruanda,,República de Ruanda,ruandesa,,Supreme Court,,,,Corte Suprema,
1,9,155,418,Other court,Rwanda,Ruanda,,República de Ruanda,ruandesa,,Other or unspecified court,,,,,
1,1,156,461,Eastern Caribbean Supreme Court,Saint Kitts and Nevis,San Cristóbal y Nieves,San Kitts y Nevis,Federación de San Cristóbla y Nieves,de San Cristóbals y Nieves,,Eastern Caribbean Supreme Court,,,,Corte Suprema del Caribe Oriental,
1,9,156,462,Other court,Saint Kitts and Nevis,San Cristóbal y Nieves,San Kitts y Nevis,Federación de San Cristóbla y Nieves,de San Cristóbals y Nieves,,Other or unspecified court,,,,,
1,1,157,463,Eastern Caribbean Supreme Court,Saint Lucia,Santa Lucía,,Santa Lucía,santalucense,,Eastern Caribbean Supreme Court,,,,Corte Suprema del Caribe Oriental,
1,9,157,464,Other court,Saint Lucia,Santa Lucía,,Santa Lucía,santalucense,,Other or unspecified court,,,,,
1,1,158,465,Eastern Caribbean Supreme Court,Saint Vincent and the Grenadines,San Vicente y las Granadinas,,San Vicente y las Granadinas,sanvicentina,,Eastern Caribbean Supreme Court,,,,Corte Suprema del Caribe Oriental,
1,9,158,466,Other court,Saint Vincent and the Grenadines,San Vicente y las Granadinas,,San Vicente y las Granadinas,sanvicentina,,Other or unspecified court,,,,,
1,1,159,419,Supreme Court,Samoa,Samoa,,Estado Independiente de Samoa,samoana,,Supreme Court,,,,Corte Suprema,Tribunal Superior
1,2,159,420,Court of Appeal,Samoa,Samoa,,Estado Independiente de Samoa,samoana,,Court of Appeal,,,,Corte de Apelaciones,
1,9,159,421,Other court,Samoa,Samoa,,Estado Independiente de Samoa,samoana,,Other or unspecified court,,,,,
1,1,160,422,Council of Twelve,San Marino,San Marino,,República de San Marino,sanmarinense,,Council of Twelve,,,,Consejo de los Doce,
1,9,160,423,Other court,San Marino,San Marino,,República de San Marino,sanmarinense,,Other or unspecified court,,,,,
1,1,161,424,Supreme Court,Sao Tome and Principe,Santo Tomé y Príncipe,,República Democrática de Santo Tomé y Príncipe,santotomense,,Supreme Court,,,,Corte Suprema,
1,9,161,425,Other court,Sao Tome and Principe,Santo Tomé y Príncipe,,República Democrática de Santo Tomé y Príncipe,santotomense,,Other or unspecified court,,,,,
1,1,162,426,High Court,Saudi Arabia,Arabia Saudita,Arabia Saudí,Reino de Arabia Saudí,saudita,,High Court,,,,Alta Corte,
1,9,162,427,Other court,Saudi Arabia,Arabia Saudita,Arabia Saudí,Reino de Arabia Saudí,saudita,,Other or unspecified court,,,,,
1,1,163,428,Constitutional Council,Senegal,Senegal,,República de Senegal,senegalesa,,Constitutional Council,,Conseil Constitutionnel,,Corte Constitucional,
1,2,163,429,Court of Cassation,Senegal,Senegal,,República de Senegal,senegalesa,,Court of Cassation,,Cour de Cassation,,Corte de Casación,
1,9,163,430,Other court,Senegal,Senegal,,República de Senegal,senegalesa,,Other or unspecified court,,,,,
1,1,164,431,Constitutional Court,Serbia,Serbia,,República de Serbia,serbia,,Constitutional Court,,,,Corte Constitucional,
1,2,164,432,Supreme Court of Cassation,Serbia,Serbia,,República de Serbia,serbia,,Supreme Court of Cassation,,,,Corte Suprema de Casación,
1,9,164,433,Other court,Serbia,Serbia,,República de Serbia,serbia,,Other or unspecified court,,,,,
1,1,165,434,Supreme Court,Seychelles,Seychelles,,República de Seychelles,seychellense,,Supreme Court,,,,Corte Suprema,
1,9,165,435,Other court,Seychelles,Seychelles,,República de Seychelles,seychellense,,Other or unspecified court,,,,,
1,1,166,436,Supreme Court,Sierra Leone,Sierra Leona,,República de Sierra Leona,sierraleonesa,,Supreme Court,,,,Corte Suprema,
1,9,166,437,Other court,Sierra Leone,Sierra Leona,,República de Sierra Leona,sierraleonesa,,Other or unspecified court,,,,,
1,1,167,438,Supreme Court,Singapore,Singapur,,República de Singapur,singapurense,,Supreme Court,,,,Corte Suprema,
1,2,167,439,Court of Appeals,Singapore,Singapur,,República de Singapur,singapurense,,Court of Appeals,,,,Corte de Apelaciones,
1,9,167,440,Other court,Singapore,Singapur,,República de Singapur,singapurense,,Other or unspecified court,,,,,
1,1,168,441,Constitutional Court,Slovakia,Eslovaquia,,República Eslovaca,eslovaca,,Constitutional Court,,,,Tribunal Constitucional,
1,2,168,442,Supreme Court,Slovakia,Eslovaquia,,República Eslovaca,eslovaca,,Supreme Court,,najvy??í súd,,Tribunal Supremo,
1,9,168,443,Other court,Slovakia,Eslovaquia,,República Eslovaca,eslovaca,,Other or unspecified court,,,,,
1,1,169,444,Constitutional Court,Slovenia,Eslovenia,,República de Eslovenia,eslovena,,Constitutional Court,,,,Tribunal Constitucional,
1,2,169,445,Supreme Court,Slovenia,Eslovenia,,República de Eslovenia,eslovena,,Supreme Court,,Vrhovno sodi??e,,Tribunal Supremo,
1,9,169,446,Other court,Slovenia,Eslovenia,,República de Eslovenia,eslovena,,Other or unspecified court,,,,,
1,1,170,447,Court of Appeal,Solomon Islands,Islas Salomón,,Islas Salomón,salomonense,,Court of Appeal,,,,Corte de Apelaciones,
1,9,170,448,Other court,Solomon Islands,Islas Salomón,,Islas Salomón,salomonense,,Other or unspecified court,,,,,
1,1,171,449,Supreme court,Somalia,Somalia,,República Somalí,somalí,,Supreme court,,,,Corte Suprema,Tribunal Supremo
1,9,171,450,Other court,Somalia,Somalia,,República Somalí,somalí,,Other or unspecified court,,,,,
1,1,172,451,Constitutional Court,South Africa,Sudáfrica,,República de Sudáfrca,sudafricana,,Constitutional Court,,,,Corte Constitucional,
1,2,172,452,Supreme Court of Appeal,South Africa,Sudáfrica,,República de Sudáfrca,sudafricana,,Supreme Court of Appeal,,,,Corte Suprema de Apelaciones,
1,3,172,453,High Court,South Africa,Sudáfrica,,República de Sudáfrca,sudafricana,,High Court,,,,Alta Corte,
1,9,172,454,Other court,South Africa,Sudáfrica,,República de Sudáfrca,sudafricana,,Other or unspecified court,,,,,
1,1,173,272,Constitutional Court,South Korea,Corea del Sur,,República de Corea,surcoreana,,Constitutional Court,,,,Corte Constitucional,
1,2,173,273,Supreme Court,South Korea,Corea del Sur,,República de Corea,surcoreana,,Supreme Court,,,,Suprema Corte,
1,9,173,274,Other court,South Korea,Corea del Sur,,República de Corea,surcoreana,,Other or unspecified court,,,,,
1,1,174,455,Constitutional Court,Spain,España,,Reino de España,española,,Constitutional Court,,Tribunal Constitucional,,Tribunal Constitucional,
1,2,174,456,Supreme Court,Spain,España,,Reino de España,española,,Supreme Court,,Tribunal Supremo,,Tribunal Supremo,
1,9,174,457,Other court,Spain,España,,Reino de España,española,,Other or unspecified court,, ,,,
1,1,175,458,Supreme Court,Sri Lanka,Sri Lanka,,República Democrática y Socialista de Sri Lanka,ceilandesa,esrilanquesa,Supreme Court,,,,Corte Suprema,
1,2,175,459,Court of Appeals,Sri Lanka,Sri Lanka,,República Democrática y Socialista de Sri Lanka,ceilandesa,esrilanquesa,Court of Appeals,,,,Corte de Apelaciones,
1,9,175,460,Other court,Sri Lanka,Sri Lanka,,República Democrática y Socialista de Sri Lanka,ceilandesa,esrilanquesa,Other or unspecified court,,,,,
1,1,176,467,Constitutional Court,Sudan,Sudán,,República de Sudán,sudanesa,,Constitutional Court,,,,Corte Constitucional,
1,2,176,468,Supreme Court,Sudan,Sudán,,República de Sudán,sudanesa,,Supreme Court,,,,Corte Suprema,Tribunal de justicia
1,9,176,469,Other court,Sudan,Sudán,,República de Sudán,sudanesa,,Other or unspecified court,,,,,
1,1,177,470,Court of Justice,Suriname,Surinam,,República de Surinam,surinamesa,,Court of Justice,,,,Corte de Justicia,Tribunal de justicia
1,2,177,471,Cantonal Courts,Suriname,Surinam,,República de Surinam,surinamesa,,Cantonal Courts,,,,Cortes Cantonales,
1,9,177,472,Other court,Suriname,Surinam,,República de Surinam,surinamesa,,Other or unspecified court,,,,,
1,1,178,473,Supreme Court,Swaziland,Suazilandia,,Reino de Suazilandia,suazi,,Supreme Court,,,,Corte suprema,Tribunal Supremo
1,2,178,474,High Court,Swaziland,Suazilandia,,Reino de Suazilandia,suazi,,High Court,,,,Alta Corte,Tribunal Superior
1,9,178,475,Other court,Swaziland,Suazilandia,,Reino de Suazilandia,suazi,,Other or unspecified court,,,,,
1,1,179,476,Supreme Court (High Court of General Jurisdiction),Sweden,Suecia,,Reino de Suecia,sueca,,Supreme Court ,High Court of General Jurisdiction,Högsta domstolen,,Tribunal Supremo,
1,9,179,477,Other court,Sweden,Suecia,,Reino de Suecia,sueca,,Other or unspecified court,,,,,
1,1,180,478,Federal Supreme Court,Switzerland,Suiza,,Confederación Suiza,suiza,,Federal Supreme Court,,Tribunal Fédéral,Bundesgericht,Corte Suprema Federal,Tribunal Federal 
1,9,180,479,Other court,Switzerland,Suiza,,Confederación Suiza,suiza,,Other or unspecified court,,,,,
1,1,181,480,Supreme Constitutional Court,Syria,Siria,,República Árabe Siria,siria,,Supreme Constitutional Court,,,,Corte Constitucional,
1,2,181,481,Court of Cassation,Syria,Siria,,República Árabe Siria,siria,,Court of Cassation,,,,Corte de Casación,
1,9,181,482,Other court,Syria,Siria,,República Árabe Siria,siria,,Other or unspecified court,,,,,
1,1,182,483,Supreme Court,Taiwan,Taiwán,,República de Taiwán,taiwanesa,,Supreme Court,,Judicial Yuan,,Corte Suprema,
1,9,182,484,Other court,Taiwan,Taiwán,,República de Taiwán,taiwanesa,,Other or unspecified court,,,,,
1,1,183,485,Constitutional Court,Tajikistan,Tadjikistan,Tayikistán,República de Tayikistán,tayika,,Constitutional Court,,,,Corte Constitucional,
1,2,183,486,Supreme Court,Tajikistan,Tadjikistan,Tayikistán,República de Tayikistán,tayika,,Supreme Court,,,,Corte Suprema,
1,9,183,487,Other court,Tajikistan,Tadjikistan,Tayikistán,República de Tayikistán,tayika,,Other or unspecified court,,,,,
1,1,184,488,Permanent Commission of Enquiry,Tanzania,Tanzania,,República Unida de Tanzania,tanzana,,Permanent Commission of Enquiry,,,,Comisión Permanente de Investigación,
1,2,184,489,Court of Appeal,Tanzania,Tanzania,,República Unida de Tanzania,tanzana,,Court of Appeal,,,,Corte de Apelaciones,
1,9,184,490,Other court,Tanzania,Tanzania,,República Unida de Tanzania,tanzana,,Other or unspecified court,,,,,
1,1,185,491,Constitutional Court,Thailand,Tailandia,,Reino de Tailandia,tailandesa,,Constitutional Court,,,,Corte Constitucional,Tribunal Constitucional
1,2,185,492,Supreme Court of Justice,Thailand,Tailandia,,Reino de Tailandia,tailandesa,,Supreme Court of Justice,,Sarn Dika,,Corte Suprema de Justicia,Tribunal Supremo
1,9,185,493,Other court,Thailand,Tailandia,,Reino de Tailandia,tailandesa,,Other or unspecified court,,,,,
1,1,186,193,Supreme Court,Gambia,Gambia,,República del Gambia,gambiana,,Supreme Court,,,,Corte Suprema,
1,9,186,194,Other court,Gambia,Gambia,,República del Gambia,gambiana,,Other or unspecified court,,,,,
1,1,187,494,Supreme Court of Justice,Timor-Leste,Timor Oriental,,República Democrática de Timor Oriental,timorense,,Supreme Court of Justice,,,,Corte Suprema de Justicia,
1,2,187,495,Court of Appeals,Timor-Leste,Timor Oriental,,República Democrática de Timor Oriental,timorense,,Court of Appeals,,,,Corte de Apelaciones,
1,9,187,496,Other court,Timor-Leste,Timor Oriental,,República Democrática de Timor Oriental,timorense,,Other or unspecified court,,,,,
1,1,188,497,Supreme Court,Togo,Togo,,República Togolesa,togolesa,,Supreme Court,,,,Corte Suprema,
1,2,188,498,Court of Appeal,Togo,Togo,,República Togolesa,togolesa,,Court of Appeal,,,,Corte de Apelaciones,
1,9,188,499,Other court,Togo,Togo,,República Togolesa,togolesa,,Other or unspecified court,,,,,
1,1,189,500,Supreme Court,Tonga,Tonga,,Reino de Tonga,tongana,,Supreme Court,,,,Corte Suprema,
1,2,189,501,Court of Appeal,Tonga,Tonga,,Reino de Tonga,tongana,,Court of Appeal,,,,Corte de Apelaciones,
1,9,189,502,Other court,Tonga,Tonga,,Reino de Tonga,tongana,,Other or unspecified court,,,,,
1,1,190,503,Privy Council,Trinidad and Tobago,Trinidad y Tobago,,República de Trinidad y Tobago,trinitense,,Privy Council,,,,Comité Judicial del Consejo Privado,
1,2,190,504,Supreme Court of Judicature,Trinidad and Tobago,Trinidad y Tobago,,República de Trinidad y Tobago,trinitense,,Supreme Court of Judicature,,,,Corte Suprema de la Judicatura,
1,9,190,505,Other court,Trinidad and Tobago,Trinidad y Tobago,,República de Trinidad y Tobago,trinitense,,Other or unspecified court,,,,,
1,1,191,506,Constitutional Council,Tunisia,Túnez,,República Tunecina,tunecina,,Constitutional Council,,Conseil Constitutionnel,,Consejo Constitucional,
1,2,191,507,Court of Cassation,Tunisia,Túnez,,República Tunecina,tunecina,,Court of Cassation,,Cour de Cassation,,Corte de Casación,Tribunal de Casación
1,9,191,508,Other court,Tunisia,Túnez,,República Tunecina,tunecina,,Other or unspecified court,,,,,
1,1,192,509,Constitutional Court,Turkey,Turquía,,República de Turquía,turca,,Constitutional Court,,Anayasa Mahkemesi,,Corte Constitucional,Tribunal Constitucional
1,3,192,510,Court of Cassation,Turkey,Turquía,,República de Turquía,turca,,Court of Cassation,,,,Corte de Casación,Tribunal de Casación
1,9,192,511,Other court,Turkey,Turquía,,República de Turquía,turca,,Other or unspecified court,,,,,
1,1,193,512,Supreme Court,Turkmenistan,Turkmenistán,,República de Turkmenistán,turcomana,turkmena,Supreme Court,,,,Corte Suprema,
1,9,193,513,Other court,Turkmenistan,Turkmenistán,,República de Turkmenistán,turcomana,turkmena,Other or unspecified court,,,,,
1,1,194,514,High Court,Tuvalu,Tuvalu,,Tuvalu,tuvaluana,,High Court,,,,Alta Corte,Corte Suprema
1,9,194,515,Other court,Tuvalu,Tuvalu,,Tuvalu,tuvaluana,,Other or unspecified court,,,,,
1,1,195,516,Court of Appeal/ Constitutional Court,Uganda,Uganda,,República de Uganda,ugandesa,,Court of Appeal/ Constitutional Court,,,,Corte de Apelaciones,Corte Constitucional
1,2,195,517,Supreme court,Uganda,Uganda,,República de Uganda,ugandesa,,Supreme court,,,,Corte Suprema,
1,9,195,518,Other court,Uganda,Uganda,,República de Uganda,ugandesa,,Other or unspecified court,,,,,
1,1,196,519,Constitutional Court,Ukraine,Ucrania,,Ucrania,ucraniana,,Constitutional Court,,,,Corte Constitucional,
1,2,196,520,Supreme Court,Ukraine,Ucrania,,Ucrania,ucraniana,,Supreme Court,,,,Corte Suprema,
1,9,196,521,Other court,Ukraine,Ucrania,,Ucrania,ucraniana,,Other or unspecified court,,,,,
1,1,197,522,Court of cassation,United Arab Emirates,Emiratos Árabes Unidos,,Emiratos Árabes Unidos,emiratí,,Court of cassation,,,,Corte de Casación,
1,9,197,523,Other court,United Arab Emirates,Emiratos Árabes Unidos,,Emiratos Árabes Unidos,emiratí,,Other or unspecified court,,,,,
1,1,198,524,Supreme Court,United Kingdom,Reino Unido,Inglaterra,Reino Unido de Gran Bretaña e Irlanda del Norte,inglesa,británica,Supreme Court,,,,Tribunal Supremo,
1,2,198,525,House of Lords,United Kingdom,Reino Unido,Inglaterra,Reino Unido de Gran Bretaña e Irlanda del Norte,inglesa,británica,House of Lords,,,,Cámara de los Lores,
1,3,198,526,Privy Council,United Kingdom,Reino Unido,Inglaterra,Reino Unido de Gran Bretaña e Irlanda del Norte,inglesa,británica,Privy Council,,,,Comité Judicial del Consejo Privado,
1,9,198,527,Other court,United Kingdom,Reino Unido,Inglaterra,Reino Unido de Gran Bretaña e Irlanda del Norte,inglesa,británica,Other or unspecified court,,,,,
1,1,199,528,Supreme Court,United States,Estados Unidos,,Estados Unidos de América,americana,,Supreme Court,,,,Corte Suprema,Tribunal Supremo
1,2,199,529,Court of Appeal,United States,Estados Unidos,,Estados Unidos de América,americana,,Court of Appeal,,,,Corte de Apelaciones,
1,9,199,530,Other court,United States,Estados Unidos,,Estados Unidos de América,americana,,Other or unspecified court,,,,,
1,1,200,531,Supreme Court,Uruguay,Uruguay,,República Oriental del Uruguay,uruguaya,,Supreme Court,,,,Suprema Corte de Justicia,Corte Suprema
1,9,200,532,Other court,Uruguay,Uruguay,,República Oriental del Uruguay,uruguaya,,Other or unspecified court,,,,,
1,1,201,533,Constitutional Court,Uzbekistan,Uzbekistán,,República de Uzbekistán,uzbeka,,Constitutional Court,,,,Corte Constitucional,
1,2,201,534,Supreme Court,Uzbekistan,Uzbekistán,,República de Uzbekistán,uzbeka,,Supreme Court,,,,Corte Suprema,
1,9,201,535,Other court,Uzbekistan,Uzbekistán,,República de Uzbekistán,uzbeka,,Other or unspecified court,,,,,
1,1,202,536,Supreme Court,Vanuatu,Vanuatu,,República de Vanuatu,vanuatuense,,Supreme Court,,,,Corte Suprema,Suprema Corte
1,9,202,537,Other court,Vanuatu,Vanuatu,,República de Vanuatu,vanuatuense,,Other or unspecified court,,,,,
1,1,203,538,Supreme Tribunal of Justice,Venezuela,Venezuela,,República Bolivariana de Venezuela,venezolana,,Supreme Tribunal of Justice,,Tribunal Supremo de Justicia,,Tribunal Supremo de Justicia,
1,9,203,539,Other court,Venezuela,Venezuela,,República Bolivariana de Venezuela,venezolana,,Other or unspecified court,,,,,
1,1,204,540,Supreme People's Court,Vietnam,Vietnam,,República Socialista de Vietnam,vietnamita,,Supreme People's Court,,,,Corte Suprema de Justicia Popular,
1,9,204,541,Other court,Vietnam,Vietnam,,República Socialista de Vietnam,vietnamita,,Other or unspecified court,,,,,
1,1,205,542,US District Court of the Virgin Islands,Virgin Islands,Islas Vírgenes,,Islas Vírgenes,virgenense,,US District Court of the Virgin Islands,,,,Corte Distrital de las Islas Vírgenes,
1,2,205,543,Superior Court,Virgin Islands,Islas Vírgenes,,Islas Vírgenes,virgenense,,Superior Court,,,,Corte Superior,
1,9,205,544,Other court,Virgin Islands,Islas Vírgenes,,Islas Vírgenes,virgenense,,Other or unspecified court,,,,,
1,1,206,545,Supreme Court,Yemen,Yemen,,República del Yemen,yemení,,Supreme Court,,,,Corte Suprema,
1,9,206,546,Other court,Yemen,Yemen,,República del Yemen,yemení,,Other or unspecified court,,,,,
1,1,207,547,Supreme Court,Zambia,Zambia,,República de Zambia,zambiana,,Supreme Court,,,,Corte Suprema,
1,9,207,548,Other court,Zambia,Zambia,,República de Zambia,zambiana,,Other or unspecified court,,,,,
1,1,208,549,Supreme Court,Zimbabwe,Zimbabwe,Zimbabue,República de Zimbabue,zimbabuense,,Supreme Court,,,,Corte Suprema,
1,2,208,550,High Court,Zimbabwe,Zimbabwe,Zimbabue,República de Zimbabue,zimbabuense,,High Court,,,,Alta Corte,
1,9,208,551,Other court,Zimbabwe,Zimbabwe,Zimbabue,República de Zimbabue,zimbabuense,,Other or unspecified court,,,,,
1,1,209,552,Supreme Court of the Union,Myanmar,Myanmar,Birmania,,birmana,,Supreme Court of the Union,,,,Corte Suprema de la Union,
1,9,209,553,Other or unspecified court,Myanmar,Myanmar,Birmania,,birmana,,Other or unspecified court,,,,,